url,name,price,rating,description,instruction,country
https://randewoo.ru/product/kilian-good-girl-gone-bad?source_category=6&amp;preferred=49070,"<div class=""b-header__mainTitle"">Kilian</div><div class=""b-header__subtitle"" data-role=""product-card-subtitle"">Good Girl Gone Bad</div>",1 руб,10,"Парфюмерная вода от Kilian купить - Good Girl Gone Bad оригинальный парфюм от 1.5 мл до 250 мл с максимальной скидкой 50% - оплата наличными при получении, онлайн, Долями, Подели и т. д. ✓ Нишевая парфюмерия ✈ с быстрой доставкой в Москве и по всей России - выгодные цены, отзывы об ароматах в",Нет данных,&nbsp;
https://randewoo.ru/product/tom-ford-lost-cherry?source_category=6&amp;preferred=239025,"<div class=""b-header__mainTitle"">Tom Ford</div><div class=""b-header__subtitle"" data-role=""product-card-subtitle"">Lost Cherry</div>",1 руб,Нет данных,"Парфюмерная вода от Tom Ford купить - Lost Cherry оригинальный парфюм от 1.5 мл до 100 мл с максимальной скидкой 50% - оплата наличными при получении, онлайн, Долями, Подели и т. д. ✓ Ароматы класса Люкс ✈ с быстрой доставкой в Москве и по всей России - выгодные цены, отзывы об ароматах в",Нет данных,&nbsp;
https://randewoo.ru/product/crazy-mandarin?source_category=6&amp;preferred=501865,"<div class=""b-header__mainTitle"">Angeline</div><div class=""b-header__subtitle"" data-role=""product-card-subtitle"">Crazy Mandarin</div>",1 руб,Нет данных,"Парфюмерная вода от Angeline купить - Crazy Mandarin оригинальный парфюм от 8 мл до 100 мл с максимальной скидкой 45% - оплата наличными при получении, онлайн, Долями, Подели и т. д. ✓ Нишевая парфюмерия ✈ с быстрой доставкой в Москве и по всей России - выгодные цены, отзывы об ароматах в",Нет данных,&nbsp;
https://randewoo.ru/product/francis-kurkdjian-baccarat-rouge-540?source_category=6&amp;preferred=78655,"<div class=""b-header__mainTitle"">Francis Kurkdjian</div><div class=""b-header__subtitle"" data-role=""product-card-subtitle"">Baccarat Rouge 540</div>",527₽,10,"Francis Kurkdjian Baccarat Rouge 540 в Москве — аромат для мужчин и женщин. Скидка 20%! Гарантия оригинальной продукции! 2+ пробника духов в подарок! Купить парфюм Франсис Куркджан Баккара Руж 540 по выгодной цене в интернет-магазине Randewoo.ru ✈ Доставка по России, по Москве — бесплатно!",Нет данных,&nbsp;
https://randewoo.ru/product/tiziana-terenzi-kirke?source_category=6&amp;preferred=67322,"<div class=""b-header__mainTitle"">Tiziana Terenzi</div><div class=""b-header__subtitle"" data-role=""product-card-subtitle"">Kirke</div>",1 руб,10,"Парфюм помещен в роскошный золотистый флакон, мимо которого невозможно пройти. В ароматической композиции Тициана Терензи Кирке ароматные, экзотические, фруктовые переливы маракуйи, персика, малины и груши.",Нет данных,&nbsp;
https://randewoo.ru/product/ex-nihilo-fleur-narcotique?source_category=6&amp;preferred=7559,"<div class=""b-header__mainTitle"">Ex Nihilo</div><div class=""b-header__subtitle"" data-role=""product-card-subtitle"">Fleur Narcotique</div>",1 руб,10,"Ex Nihilo Fleur Narcotique в Москве — аромат для мужчин и женщин. Скидка 20%! Гарантия оригинальной продукции! 2+ пробника духов в подарок! Купить парфюм Экс Нихило Флер Наркотик по выгодной цене в интернет-магазине Randewoo.ru ✈ Доставка по России, по Москве — бесплатно!",Нет данных,&nbsp;
https://randewoo.ru/product/vertus-narcos-is?source_category=6&amp;preferred=171799,"<div class=""b-header__mainTitle"">Vertus</div><div class=""b-header__subtitle"" data-role=""product-card-subtitle"">Narcos'is</div>",1 руб,Нет данных,"Vertus Narcos'is в Москве — аромат для мужчин и женщин. Гарантия оригинальной продукции! 2+ пробника духов в подарок! Купить парфюм по выгодной цене в интернет-магазине Randewoo.ru ✈ Доставка по России, по Москве — бесплатно!",Нет данных,&nbsp;
https://randewoo.ru/product/le-labo-santal-33?source_category=6&amp;preferred=34796,"<div class=""b-header__mainTitle"">Le Labo</div><div class=""b-header__subtitle"" data-role=""product-card-subtitle"">Santal 33</div>",1 руб,Нет данных,"Парфюмерная вода от Le Labo купить - Santal 33 оригинальный парфюм от 1.5 мл до 100 мл с максимальной скидкой 50% - оплата наличными при получении, онлайн, Долями, Подели и т. д. ✓ Нишевая парфюмерия ✈ с быстрой доставкой в Москве и по всей России - выгодные цены, отзывы об ароматах в",Нет данных,&nbsp;
https://randewoo.ru/product/kilian-black-phantom?source_category=6&amp;preferred=115352,"<div class=""b-header__mainTitle"">Kilian</div><div class=""b-header__subtitle"" data-role=""product-card-subtitle"">Black Phantom</div>",1 руб,Нет данных,"Парфюмерная вода от Kilian купить - Black Phantom оригинальный парфюм от 1.5 мл до 250 мл с максимальной скидкой 50% - оплата наличными при получении, онлайн, Долями, Подели и т. д. ✓ Нишевая парфюмерия ✈ с быстрой доставкой в Москве и по всей России - выгодные цены, отзывы об ароматах в",Нет данных,&nbsp;
https://randewoo.ru/product/aphrodisiac-intrigue?source_category=6&amp;preferred=482863,"<div class=""b-header__mainTitle"">Angeline</div><div class=""b-header__subtitle"" data-role=""product-card-subtitle"">Aphrodisiac Intrigue</div>",1 руб,Нет данных,"Парфюмерная вода от Angeline купить - Aphrodisiac Intrigue оригинальный парфюм от 8 мл до 100 мл с максимальной скидкой 45% - оплата наличными при получении, онлайн, Долями, Подели и т. д. ✓ Нишевая парфюмерия ✈ с быстрой доставкой в Москве и по всей России - выгодные цены, отзывы об ароматах в",Нет данных,&nbsp;
